<?xml version="1.0" encoding="utf-8" ?>
<odoo>
    <data noupdate="1">
        <record id="res_partner_forgeflow" model="res.partner">
            <field name="name">ForgeFlow</field>
            <field name="is_company">1</field>
            <field name="company_id" ref="base.main_company" />
            <field name="email">forgeflow@yourcompany.example.com</field>
            <field name="street">Rambla de Catalunya</field>
            <field name="city">Barcelona</field>
            <field name="zip">08008</field>
            <field name="website">https://www.forgeflow.com</field>
            <field name="country_id" ref="base.es" />
            <field
                name="image_1920"
                type="base64"
                file="ddmrp/static/img/res_partner_forgeflow-image.png"
            />
        </record>
    </data>
</odoo>
