<?xml version="1.0" encoding="utf-8" ?>
<odoo noupdate="0">
    <record model="ir.rule" id="stock_buffer_profile_variability_comp_rule">
        <field name="name">Buffer Profile Variability multi-company</field>
        <field name="model_id" ref="model_stock_buffer_profile_variability" />
        <field name="global" eval="True" />
        <field
            name="domain_force"
        >['|',('company_id','=',False),('company_id', 'in', company_ids)]</field>
    </record>
    <record model="ir.rule" id="stock_buffer_profile_variability_lead_time_comp_rule">
        <field name="name">Buffer Profile Lead Time multi-company</field>
        <field name="model_id" ref="model_stock_buffer_profile_lead_time" />
        <field name="global" eval="True" />
        <field
            name="domain_force"
        >['|',('company_id','=',False),('company_id', 'in', company_ids)]</field>
    </record>
    <record model="ir.rule" id="stock_buffer_profile_comp_rule">
        <field name="name">Buffer Profile multi-company</field>
        <field name="model_id" ref="model_stock_buffer_profile" />
        <field name="global" eval="True" />
        <field
            name="domain_force"
        >['|',('company_id','=',False),('company_id', 'in', company_ids)]</field>
    </record>
    <record model="ir.rule" id="product_adu_calculation_method_comp_rule">
        <field name="name">Product ADU calculation method multi-company</field>
        <field name="model_id" ref="model_product_adu_calculation_method" />
        <field name="global" eval="True" />
        <field
            name="domain_force"
        >['|',('company_id','=',False),('company_id', 'in', company_ids)]</field>
    </record>
    <record model="ir.rule" id="stock_buffer_comp_rule">
        <field name="name">Stock Buffer multi-company</field>
        <field name="model_id" ref="model_stock_buffer" />
        <field name="global" eval="True" />
        <field
            name="domain_force"
        >['|',('company_id','=',False),('company_id', 'in', company_ids)]</field>
    </record>
</odoo>
