<?xml version="1.0" encoding="utf-8" ?>
<odoo noupdate="1">
    <record
        forcecreate="True"
        id="lead_time_decimal_precision"
        model="decimal.precision"
    >
        <field name="name">Lead Time</field>
        <field name="digits" eval="0" />
    </record>
    <record
        forcecreate="True"
        id="average_daily_usage_decimal_precision"
        model="decimal.precision"
    >
        <field name="name">Average Daily Usage</field>
        <field name="digits" eval="3" />
    </record>
</odoo>
